{
    "anomaly_score_min": -0.17512696395350574,
    "anomaly_score_max": 0.17432510860290407
}